N, , nrnmm(1), nrnmm(2), nrnmm(3)
2048, 3.884856e+01, 1.438121e+00, 2.110851e-01
4096, 7.577976e+01, 2.548911e+00, 3.557546e-01
8192, 1.526444e+02, 4.663352e+00, 6.749310e-01
16384, 3.059364e+02, 8.425982e+00, 1.384010e+00
