N, exact, nrnmm(1), nrnmm(2), nrnmm(3)
2048, 18.000000, 3.000000, 5.000000, 6.000000
4096, 71.000000, 10.000000, 14.000000, 16.000000
8192, 285.000000, 25.000000, 40.000000, 45.000000
16384, 1160.000000, 72.000000, 114.000000, 127.000000
