N, exact time, nrnmm(1) time, nrnmm(1) error, nrnmm(2) time, nrnmm(2) error, nrnmm(3) time, nrnmm(3) error, tree(1) time, tree(1) error, tree(2) time, tree(2) error, tree(3) time, tree(3) error
2048, 2.300000e+01, 4.000000e+00, 9.996776e-04, 5.000000e+00, 3.425865e-05, 7.000000e+00, 6.097019e-06, 2.000000e+00, 3.995143e-03, 3.000000e+00, 1.081587e-04, 4.000000e+00, 2.014218e-05
4096, 9.000000e+01, 1.200000e+01, 1.020710e-03, 1.600000e+01, 3.024173e-05, 2.000000e+01, 4.472557e-06, 6.000000e+00, 4.326917e-03, 7.000000e+00, 1.110333e-04, 1.000000e+01, 1.996549e-05
8192, 3.620000e+02, 3.400000e+01, 9.258985e-04, 4.400000e+01, 2.690818e-05, 5.900000e+01, 4.404826e-06, 1.400000e+01, 4.635207e-03, 1.800000e+01, 1.156632e-04, 2.200000e+01, 2.211019e-05
16384, 1.447000e+03, 9.900000e+01, 8.177052e-04, 1.250000e+02, 2.289408e-05, 1.610000e+02, 3.867385e-06, 3.600000e+01, 4.307928e-03, 4.200000e+01, 1.034725e-04, 5.100000e+01, 1.937831e-05
