N, exact time, nrnmm(1) time, nrnmm(1) error, nrnmm(2) time, nrnmm(2) error, nrnmm(3) time, nrnmm(3) error, tree(1) time, tree(1) error, tree(2) time, tree(2) error, tree(3) time, tree(3) error, fmm(1) time, fmm(1) error, fmm(2) time, fmm(2) error, fmm(3) time, fmm(3) error
2048, 2.700000e+01, 1.300000e+01, 1.184179e-03, 2.700000e+01, 3.755464e-05, 4.800000e+01, 5.826718e-06, 8.000000e+00, 2.279574e-03, 1.400000e+01, 5.967340e-05, 2.700000e+01, 9.633903e-06, 6.000000e+00, 5.296840e-03, 1.400000e+01, 2.986770e-04, 3.600000e+01, 4.306947e-05
4096, 1.080000e+02, 3.700000e+01, 1.088428e-03, 7.300000e+01, 2.748232e-05, 1.250000e+02, 4.395950e-06, 1.900000e+01, 2.902639e-03, 3.600000e+01, 6.336750e-05, 7.600000e+01, 1.201188e-05, 1.000000e+01, 6.491320e-03, 3.200000e+01, 3.061779e-04, 1.010000e+02, 4.478031e-05
8192, 4.330000e+02, 1.100000e+02, 9.532611e-04, 2.110000e+02, 2.029557e-05, 3.570000e+02, 3.090042e-06, 4.700000e+01, 2.902156e-03, 7.600000e+01, 7.167154e-05, 1.380000e+02, 1.144213e-05, 2.900000e+01, 6.523575e-03, 6.100000e+01, 3.160067e-04, 1.530000e+02, 4.435019e-05
16384, 1.774000e+03, 3.150000e+02, 8.766847e-04, 5.910000e+02, 1.605844e-05, 9.840000e+02, 2.639531e-06, 1.460000e+02, 2.903855e-03, 2.010000e+02, 5.843232e-05, 3.100000e+02, 1.140376e-05, 1.050000e+02, 6.564335e-03, 1.580000e+02, 3.076685e-04, 2.980000e+02, 4.416969e-05
32768, 6.932000e+03, 9.280000e+02, 7.803860e-04, 1.719000e+03, 1.269857e-05, 2.806000e+03, 2.070904e-06, 2.690000e+02, 3.251696e-03, 4.150000e+02, 6.681992e-05, 7.100000e+02, 1.204913e-05, 1.530000e+02, 7.231601e-03, 2.890000e+02, 3.141214e-04, 6.560000e+02, 4.427249e-05
65536, 2.771000e+04, 2.583000e+03, 6.941500e-04, 4.681000e+03, 1.011774e-05, 7.642000e+03, 1.715643e-06, 7.730000e+02, 3.245219e-03, 1.043000e+03, 6.558280e-05, 1.558000e+03, 1.190638e-05, 5.240000e+02, 7.220803e-03, 7.540000e+02, 3.128895e-04, 1.298000e+03, 4.452086e-05
131072, 1.108450e+05, 7.246000e+03, 6.117471e-04, 1.301500e+04, 8.277926e-06, 2.118600e+04, 1.408065e-06, 2.458000e+03, 3.235602e-03, 2.977000e+03, 6.582273e-05, 3.947000e+03, 1.193476e-05, 1.931000e+03, 7.221832e-03, 2.350000e+03, 3.134459e-04, 3.282000e+03, 4.454127e-05
