N, exact time, nrnmm(1) time, nrnmm(1) error, nrnmm(2) time, nrnmm(2) error, nrnmm(3) time, nrnmm(3) error, tree(1) time, tree(1) error, tree(2) time, tree(2) error, tree(3) time, tree(3) error
2048, 2.700000e+01, 1.300000e+01, 1.184179e-03, 2.700000e+01, 3.755464e-05, 4.800000e+01, 5.826718e-06, 8.000000e+00, 2.279574e-03, 1.400000e+01, 5.967340e-05, 2.800000e+01, 9.633903e-06
4096, 1.080000e+02, 3.800000e+01, 1.088428e-03, 7.300000e+01, 2.748232e-05, 1.260000e+02, 4.395950e-06, 1.900000e+01, 2.902639e-03, 3.500000e+01, 6.336750e-05, 7.500000e+01, 1.201188e-05
8192, 4.320000e+02, 1.100000e+02, 9.532611e-04, 2.130000e+02, 2.029557e-05, 3.710000e+02, 3.090042e-06, 4.700000e+01, 2.902156e-03, 7.600000e+01, 7.167154e-05, 1.390000e+02, 1.144213e-05
16384, 1.732000e+03, 3.140000e+02, 8.766847e-04, 5.960000e+02, 1.605844e-05, 9.880000e+02, 2.639531e-06, 1.470000e+02, 2.903855e-03, 2.030000e+02, 5.843232e-05, 3.110000e+02, 1.140376e-05
32768, 6.963000e+03, 9.200000e+02, 7.803860e-04, 1.718000e+03, 1.269857e-05, 2.831000e+03, 2.070904e-06, 2.720000e+02, 3.251696e-03, 4.180000e+02, 6.681992e-05, 7.370000e+02, 1.204913e-05
65536, 2.789400e+04, 2.581000e+03, 6.941500e-04, 4.726000e+03, 1.011774e-05, 7.672000e+03, 1.715643e-06, 7.720000e+02, 3.245219e-03, 1.043000e+03, 6.558280e-05, 1.559000e+03, 1.190638e-05
131072, 1.117670e+05, 7.402000e+03, 6.117471e-04, 1.360800e+04, 8.277926e-06, 2.202700e+04, 1.408065e-06, 2.483000e+03, 3.235602e-03, 3.031000e+03, 6.582273e-05, 3.969000e+03, 1.193476e-05
