N, exact time, nrnmm(1) time, nrnmm(1) error, nrnmm(2) time, nrnmm(2) error, nrnmm(3) time, nrnmm(3) error, tree(1) time, tree(1) error, tree(2) time, tree(2) error, tree(3) time, tree(3) error
2048, 2.700000e+01, 1.300000e+01, 1.184179e-03, 2.700000e+01, 3.755464e-05, 4.800000e+01, 5.826718e-06, 1.100000e+01, 2.279574e-03, 2.300000e+01, 5.967340e-05, 5.100000e+01, 9.633903e-06
4096, 1.080000e+02, 3.700000e+01, 1.088428e-03, 7.200000e+01, 2.748232e-05, 1.250000e+02, 4.395950e-06, 2.500000e+01, 2.902639e-03, 5.800000e+01, 6.336750e-05, 1.280000e+02, 1.201188e-05
8192, 4.330000e+02, 1.100000e+02, 9.532611e-04, 2.090000e+02, 2.029557e-05, 3.580000e+02, 3.090042e-06, 6.200000e+01, 2.902156e-03, 1.280000e+02, 7.167154e-05, 2.680000e+02, 1.144213e-05
16384, 1.730000e+03, 3.140000e+02, 8.766847e-04, 5.850000e+02, 1.605844e-05, 9.900000e+02, 2.639531e-06, 1.800000e+02, 2.903855e-03, 3.120000e+02, 5.843232e-05, 5.940000e+02, 1.140376e-05
32768, 6.966000e+03, 9.210000e+02, 7.803860e-04, 1.688000e+03, 1.269857e-05, 2.799000e+03, 2.070904e-06, 3.440000e+02, 3.251696e-03, 6.770000e+02, 6.681992e-05, 1.381000e+03, 1.204913e-05
65536, 2.783400e+04, 2.576000e+03, 6.941500e-04, 4.633000e+03, 1.011774e-05, 7.629000e+03, 1.715643e-06, 9.390000e+02, 3.245219e-03, 1.607000e+03, 6.558280e-05, 3.015000e+03, 1.190638e-05
131072, 1.114230e+05, 7.225000e+03, 6.117471e-04, 1.289000e+04, 8.277926e-06, 2.100100e+04, 1.408065e-06, 2.848000e+03, 3.235602e-03, 4.215000e+03, 6.582273e-05, 7.032000e+03, 1.193476e-05
