N, nrnmm(1), nrnmm(2), nrnmm(3)
2048, 6.878386e-01, 5.997526e-01, 5.518763e-01
4096, 6.412266e-01, 4.965636e-01, 4.091596e-01
8192, 6.964111e-01, 6.091659e-01, 5.649938e-01
16384, 6.724900e-01, 5.664848e-01, 5.095277e-01
32768, 6.433172e-01, 5.031575e-01, 4.201254e-01
65536, 6.465368e-01, 5.088033e-01, 4.286365e-01
131072, 6.427183e-01, 5.006622e-01, 4.167453e-01
