N, nrnmm(1), nrnmm(2), nrnmm(3), tree(1), tree(2), tree(3), fmm(1), fmm(2), fmm(3)
2048, 9.996776e-04, 3.425865e-05, 6.097019e-06, 3.995143e-03, 1.081587e-04, 2.014218e-05, 8.859951e-03, 2.685106e-04, 5.978756e-05
4096, 1.020710e-03, 3.024173e-05, 4.472557e-06, 4.326917e-03, 1.110333e-04, 1.996549e-05, 9.633905e-03, 2.639012e-04, 5.733584e-05
8192, 9.258985e-04, 2.690818e-05, 4.404826e-06, 4.635207e-03, 1.156632e-04, 2.211019e-05, 1.026528e-02, 2.740572e-04, 6.035311e-05
16384, 8.177052e-04, 2.289408e-05, 3.867385e-06, 4.307928e-03, 1.034725e-04, 1.937831e-05, 9.526139e-03, 2.480058e-04, 5.437519e-05
