N, nrnmm(1), nrnmm(2), nrnmm(3)
2048, 1.184179e-03, 3.755464e-05, 5.826718e-06
4096, 1.088428e-03, 2.748232e-05, 4.395950e-06
8192, 9.532611e-04, 2.029557e-05, 3.090042e-06
16384, 8.766847e-04, 1.605844e-05, 2.639531e-06
32768, 7.803860e-04, 1.269857e-05, 2.070904e-06
65536, 6.941500e-04, 1.011774e-05, 1.715643e-06
131072, 6.117471e-04, 8.277926e-06, 1.408065e-06
