N, nrnmm(1), nrnmm(2), nrnmm(3)
2048, 9.996776e-04, 3.425865e-05, 6.097019e-06
4096, 1.020710e-03, 3.024173e-05, 4.472557e-06
8192, 9.258985e-04, 2.690818e-05, 4.404826e-06
16384, 8.177052e-04, 2.289408e-05, 3.867385e-06
