N, nrnmm(1), nrnmm(2), nrnmm(3), tree(1), tree(2), tree(3)
2048, 1.184179e-03, 3.755464e-05, 5.826718e-06, 2.279574e-03, 5.967340e-05, 9.633903e-06
4096, 1.088428e-03, 2.748232e-05, 4.395950e-06, 2.902639e-03, 6.336750e-05, 1.201188e-05
8192, 9.532611e-04, 2.029557e-05, 3.090042e-06, 2.902156e-03, 7.167154e-05, 1.144213e-05
16384, 8.766847e-04, 1.605844e-05, 2.639531e-06, 2.903855e-03, 5.843232e-05, 1.140376e-05
32768, 7.803860e-04, 1.269857e-05, 2.070904e-06, 3.251696e-03, 6.681992e-05, 1.204913e-05
65536, 6.941500e-04, 1.011774e-05, 1.715643e-06, 3.245219e-03, 6.558280e-05, 1.190638e-05
131072, 6.117471e-04, 8.277926e-06, 1.408065e-06, 3.235602e-03, 6.582273e-05, 1.193476e-05
