N, exact, nrnmm(1), nrnmm(2), nrnmm(3), tree(1), tree(2), tree(3)
2048, 23.000000, 4.000000, 5.000000, 7.000000, 4.000000, 7.000000, 11.000000
4096, 90.000000, 12.000000, 15.000000, 20.000000, 10.000000, 16.000000, 26.000000
8192, 361.000000, 34.000000, 44.000000, 57.000000, 22.000000, 36.000000, 60.000000
16384, 1446.000000, 98.000000, 127.000000, 161.000000, 52.000000, 81.000000, 127.000000
