N, exact, nrnmm(1), nrnmm(2), nrnmm(3), tree(1), tree(2), tree(3), fmm(1), fmm(2), fmm(3)
2048, 22.000000, 4.000000, 5.000000, 7.000000, 2.000000, 3.000000, 4.000000, 1.000000, 2.000000, 4.000000
4096, 90.000000, 12.000000, 16.000000, 20.000000, 6.000000, 7.000000, 10.000000, 3.000000, 5.000000, 8.000000
8192, 362.000000, 34.000000, 44.000000, 57.000000, 14.000000, 17.000000, 22.000000, 6.000000, 10.000000, 17.000000
16384, 1448.000000, 97.000000, 124.000000, 169.000000, 35.000000, 41.000000, 50.000000, 19.000000, 26.000000, 37.000000
