N, exact, nrnmm(1), nrnmm(2), nrnmm(3)
2048, 23.000000, 4.000000, 5.000000, 8.000000
4096, 91.000000, 12.000000, 16.000000, 22.000000
8192, 365.000000, 36.000000, 46.000000, 61.000000
16384, 1467.000000, 105.000000, 131.000000, 173.000000
