N, exact, nrnmm(1), nrnmm(2), nrnmm(3)
2048, 22.000000, 4.000000, 5.000000, 7.000000
4096, 90.000000, 11.000000, 14.000000, 19.000000
8192, 361.000000, 32.000000, 41.000000, 52.000000
16384, 1446.000000, 92.000000, 129.000000, 164.000000
