N, exact, nrnmm(1), nrnmm(2), nrnmm(3), tree(1), tree(2), tree(3)
2048, 23.000000, 4.000000, 5.000000, 7.000000, 2.000000, 3.000000, 4.000000
4096, 90.000000, 12.000000, 16.000000, 20.000000, 6.000000, 7.000000, 10.000000
8192, 362.000000, 34.000000, 44.000000, 59.000000, 14.000000, 18.000000, 22.000000
16384, 1447.000000, 99.000000, 125.000000, 161.000000, 36.000000, 42.000000, 51.000000
