N, exact, nrnmm(1), nrnmm(2), nrnmm(3)
2048, 25.000000, 12.000000, 24.000000, 43.000000
4096, 101.000000, 34.000000, 65.000000, 114.000000
8192, 408.000000, 99.000000, 188.000000, 325.000000
16384, 1630.000000, 280.000000, 523.000000, 900.000000
32768, 6569.000000, 824.000000, 1508.000000, 2527.000000
65536, 26216.000000, 2295.000000, 4133.000000, 6814.000000
131072, 104771.000000, 6478.000000, 11576.000000, 18959.000000
