N, exact, nrnmm(1), nrnmm(2), nrnmm(3), tree(1), tree(2), tree(3), fmm(1), fmm(2), fmm(3)
2048, 27.000000, 13.000000, 27.000000, 48.000000, 8.000000, 14.000000, 27.000000, 6.000000, 14.000000, 36.000000
4096, 108.000000, 37.000000, 73.000000, 125.000000, 19.000000, 36.000000, 76.000000, 10.000000, 32.000000, 101.000000
8192, 433.000000, 110.000000, 211.000000, 357.000000, 47.000000, 76.000000, 138.000000, 29.000000, 61.000000, 153.000000
16384, 1774.000000, 315.000000, 591.000000, 984.000000, 146.000000, 201.000000, 310.000000, 105.000000, 158.000000, 298.000000
32768, 6932.000000, 928.000000, 1719.000000, 2806.000000, 269.000000, 415.000000, 710.000000, 153.000000, 289.000000, 656.000000
65536, 27710.000000, 2583.000000, 4681.000000, 7642.000000, 773.000000, 1043.000000, 1558.000000, 524.000000, 754.000000, 1298.000000
131072, 110845.000000, 7246.000000, 13015.000000, 21186.000000, 2458.000000, 2977.000000, 3947.000000, 1931.000000, 2350.000000, 3282.000000
