N, exact, nrnmm(1), nrnmm(2), nrnmm(3)
2048, 23.000000, 4.000000, 5.000000, 7.000000
4096, 89.000000, 11.000000, 14.000000, 18.000000
8192, 358.000000, 32.000000, 41.000000, 51.000000
16384, 1430.000000, 93.000000, 116.000000, 144.000000
